Search Terms,Title,Description,Link,copy
Joomla Consulting,View All Service Providers,Website and webhosting solutions for Joomla in México. We speack spanish and english too. ... Posted in Service Providers ? Consulting.,https://community.joomla.org/service-providers-directory/listings/category/view/112-consulting.html,
Joomla Consulting,Morgan Consulting Joomla Template,"Joomla Template. For Consulting & Finance Websites. Morgan Consulting is perfect for consulting, finance, legal and business websites where you can present your ...",https://yootheme.com/joomla-templates/morgan-consulting,
Joomla Consulting,Joomla Services and Consulting,What does Techjoomla offer? · Build Powerful & Complex websites · Joomla Ecommerce Solutions · Enterprise Application Development Services · Your Next Gen Joomla ...,https://techjoomla.com/joomla-services-consulting,
Joomla Consulting,"Finion - Finance, Accounting & Consulting Firm Joomla Template ...","Nov 5, 2021 ... Download Finatic, a cleanly designed Joomla template for financial institutions, consultancy firms, agencies, and all other related entities ...",https://www.joomshaper.com/joomla-templates/finion,
Joomla Consulting,Azurelink Joomla! Content Management System (CMS) Consulting ...,Joomla! Content Mangement System (CMS) Consulting. E-mail · Print. Joomla Logo Azurelink has been building business web sites running on the Joomla!,https://www.azurelink.com/creative-services/core-services/consulting-services/joomla-consulting,
Joomla Consulting,200+ Joomla Templates Collection - consulting | JoomlArt,"Oct 3, 2022 ... World-leading Joomla Templates collection with 200+ fully responsive and SEO optimized ... Professional Consulting Business Joomla Template.",https://www.joomlart.com/joomla/templates/tag/consulting,
Joomla Consulting,Consultant - Multipurpose Consultant Joomla Template,Consultant is Joomla 4 template for the Consulting and Finance Industry. This lovely niche theme is built and suitable for any business operating in the ...,https://joomlead.com/joomla-template/consultant/,
Joomla Consulting,Finance Press - Consulting Business Joomla Template by ...,"Aug 12, 2016 ... Finance Press is the best Joomla template specifically made for independent Financial consultants, Auditors & Accountants. Not only for ...",https://themeforest.net/item/finance-press-consulting-business-finance-joomla-template/17075333,
Joomla Consulting,Belgrade - Consulting & Business Joomla Template,Consulting Joomla Template Features: Fully compatible for Joomla 4; 11 Predefined header layouts; Built on Gantry 5 Framework; All PRO Gantry5 Particles and ...,https://joomlead.com/joomla-template/belgrade/,
Joomla Consulting,4 essential factors of a trustworthy consulting website - JoomlaShine,"Mar 1, 2019 ... As for you to succeed in joomla consulting business, you must have an excellent website. These 4 essential factors in JSN Finance template ...",https://www.joomlashine.com/blog/4-essential-factors-of-a-trustworthy-consulting-website.html,
